{"app":["/app-6f04102e25b048b83de4.js"],"component---node-modules-gatsby-plugin-offline-app-shell-js":["/component---node-modules-gatsby-plugin-offline-app-shell-js-9edabb9556448a6822d1.js"],"component---src-pages-404-js":["/component---src-pages-404-js-b5abe13a8dbf095d53b9.js"],"component---src-pages-contact-js":["/component---src-pages-contact-js-1d2a61ecd74c7286d962.js"],"component---src-pages-cookie-policy-js":["/component---src-pages-cookie-policy-js-cc3740aa6097b481a6f1.js"],"component---src-pages-index-js":["/component---src-pages-index-js-5cf02b050f4d490499d9.js"],"component---src-pages-land-wanted-js":["/component---src-pages-land-wanted-js-1ece12c99fbd99661562.js"],"component---src-pages-our-team-js":["/component---src-pages-our-team-js-201ca6e530bb66a11852.js"],"component---src-pages-partners-js":["/component---src-pages-partners-js-191aa03c48a234b123cc.js"],"component---src-pages-privacy-policy-js":["/component---src-pages-privacy-policy-js-77db5baab18e8a8f0e94.js"],"component---src-pages-services-js":["/component---src-pages-services-js-fdc2de7cc09056965241.js"],"component---src-pages-terms-conditions-js":["/component---src-pages-terms-conditions-js-ba9891c7c48235bb8152.js"]}