{"errors":[],"warnings":[],"namedChunkGroups":{"app":{"chunks":[15,14,0,2],"assets":["webpack-runtime-f3f151c00e524221e627.js","webpack-runtime-f3f151c00e524221e627.js.map","styles.a0ec46533cf57a932bdc.css","styles-d253a9f67feaa93bbfe8.js","styles-d253a9f67feaa93bbfe8.js.map","commons-bc9cb20eced2911a8021.js","commons-bc9cb20eced2911a8021.js.map","app-6f04102e25b048b83de4.js","app-6f04102e25b048b83de4.js.map"],"children":{},"childAssets":{}},"component---node-modules-gatsby-plugin-offline-app-shell-js":{"chunks":[3],"assets":["component---node-modules-gatsby-plugin-offline-app-shell-js-9edabb9556448a6822d1.js","component---node-modules-gatsby-plugin-offline-app-shell-js-9edabb9556448a6822d1.js.map"],"children":{},"childAssets":{}},"component---src-pages-404-js":{"chunks":[0,4],"assets":["commons-bc9cb20eced2911a8021.js","commons-bc9cb20eced2911a8021.js.map","component---src-pages-404-js-b5abe13a8dbf095d53b9.js","component---src-pages-404-js-b5abe13a8dbf095d53b9.js.map"],"children":{},"childAssets":{}},"component---src-pages-contact-js":{"chunks":[0,5],"assets":["commons-bc9cb20eced2911a8021.js","commons-bc9cb20eced2911a8021.js.map","component---src-pages-contact-js-1d2a61ecd74c7286d962.js","component---src-pages-contact-js-1d2a61ecd74c7286d962.js.map"],"children":{},"childAssets":{}},"component---src-pages-cookie-policy-js":{"chunks":[0,6],"assets":["commons-bc9cb20eced2911a8021.js","commons-bc9cb20eced2911a8021.js.map","component---src-pages-cookie-policy-js-cc3740aa6097b481a6f1.js","component---src-pages-cookie-policy-js-cc3740aa6097b481a6f1.js.map"],"children":{},"childAssets":{}},"component---src-pages-index-js":{"chunks":[0,7],"assets":["commons-bc9cb20eced2911a8021.js","commons-bc9cb20eced2911a8021.js.map","component---src-pages-index-js-5cf02b050f4d490499d9.js","component---src-pages-index-js-5cf02b050f4d490499d9.js.map"],"children":{},"childAssets":{}},"component---src-pages-land-wanted-js":{"chunks":[0,8],"assets":["commons-bc9cb20eced2911a8021.js","commons-bc9cb20eced2911a8021.js.map","component---src-pages-land-wanted-js-1ece12c99fbd99661562.js","component---src-pages-land-wanted-js-1ece12c99fbd99661562.js.map"],"children":{},"childAssets":{}},"component---src-pages-our-team-js":{"chunks":[0,9],"assets":["commons-bc9cb20eced2911a8021.js","commons-bc9cb20eced2911a8021.js.map","component---src-pages-our-team-js-201ca6e530bb66a11852.js","component---src-pages-our-team-js-201ca6e530bb66a11852.js.map"],"children":{},"childAssets":{}},"component---src-pages-partners-js":{"chunks":[0,10],"assets":["commons-bc9cb20eced2911a8021.js","commons-bc9cb20eced2911a8021.js.map","component---src-pages-partners-js-191aa03c48a234b123cc.js","component---src-pages-partners-js-191aa03c48a234b123cc.js.map"],"children":{},"childAssets":{}},"component---src-pages-privacy-policy-js":{"chunks":[0,11],"assets":["commons-bc9cb20eced2911a8021.js","commons-bc9cb20eced2911a8021.js.map","component---src-pages-privacy-policy-js-77db5baab18e8a8f0e94.js","component---src-pages-privacy-policy-js-77db5baab18e8a8f0e94.js.map"],"children":{},"childAssets":{}},"component---src-pages-services-js":{"chunks":[0,12],"assets":["commons-bc9cb20eced2911a8021.js","commons-bc9cb20eced2911a8021.js.map","component---src-pages-services-js-fdc2de7cc09056965241.js","component---src-pages-services-js-fdc2de7cc09056965241.js.map"],"children":{},"childAssets":{}},"component---src-pages-terms-conditions-js":{"chunks":[0,13],"assets":["commons-bc9cb20eced2911a8021.js","commons-bc9cb20eced2911a8021.js.map","component---src-pages-terms-conditions-js-ba9891c7c48235bb8152.js","component---src-pages-terms-conditions-js-ba9891c7c48235bb8152.js.map"],"children":{},"childAssets":{}}},"assetsByChunkName":{"app":["webpack-runtime-f3f151c00e524221e627.js","styles.a0ec46533cf57a932bdc.css","styles-d253a9f67feaa93bbfe8.js","commons-bc9cb20eced2911a8021.js","app-6f04102e25b048b83de4.js"],"component---node-modules-gatsby-plugin-offline-app-shell-js":["component---node-modules-gatsby-plugin-offline-app-shell-js-9edabb9556448a6822d1.js"],"component---src-pages-404-js":["commons-bc9cb20eced2911a8021.js","component---src-pages-404-js-b5abe13a8dbf095d53b9.js"],"component---src-pages-contact-js":["commons-bc9cb20eced2911a8021.js","component---src-pages-contact-js-1d2a61ecd74c7286d962.js"],"component---src-pages-cookie-policy-js":["commons-bc9cb20eced2911a8021.js","component---src-pages-cookie-policy-js-cc3740aa6097b481a6f1.js"],"component---src-pages-index-js":["commons-bc9cb20eced2911a8021.js","component---src-pages-index-js-5cf02b050f4d490499d9.js"],"component---src-pages-land-wanted-js":["commons-bc9cb20eced2911a8021.js","component---src-pages-land-wanted-js-1ece12c99fbd99661562.js"],"component---src-pages-our-team-js":["commons-bc9cb20eced2911a8021.js","component---src-pages-our-team-js-201ca6e530bb66a11852.js"],"component---src-pages-partners-js":["commons-bc9cb20eced2911a8021.js","component---src-pages-partners-js-191aa03c48a234b123cc.js"],"component---src-pages-privacy-policy-js":["commons-bc9cb20eced2911a8021.js","component---src-pages-privacy-policy-js-77db5baab18e8a8f0e94.js"],"component---src-pages-services-js":["commons-bc9cb20eced2911a8021.js","component---src-pages-services-js-fdc2de7cc09056965241.js"],"component---src-pages-terms-conditions-js":["commons-bc9cb20eced2911a8021.js","component---src-pages-terms-conditions-js-ba9891c7c48235bb8152.js"]}}